sq_meters,concrete_base,single_wall_length,brick_wall_total,glass_windows_lengh,glass_window_area,steel
24,7.2,4.898979486,5.486857024,3,4,864
50,15,7.071067812,7.919595949,7,3,1800
418,125.4,20.4450483,22.8984541,3,1,15048
4720,1416,68.70225615,76.94652689,19,8,169920
6166,1849.8,78.52388172,87.94674752,11,8,221976
5489,1646.7,74.08778577,82.97832006,60,8,197604
6565,1969.5,81.0246876,90.74765011,13,6,236340
2314,694.2,48.10405388,53.87654035,3,2,83304
6956,2086.8,83.40263785,93.41095439,31,2,250416
769,230.7,27.73084925,31.05855116,4,1,27684
3590,1077,59.91660872,67.10660176,30,2,129240
1583,474.9,39.78693253,44.56136443,7,4,56988
6644,1993.2,81.51073549,91.29202375,57,4,239184
4647,1394.1,68.16890787,76.34917681,27,4,167292
9262,2778.6,96.23928512,107.7879993,79,4,333432
3821,1146.3,61.81423784,69.23194638,1,6,137556
5858,1757.4,76.53757247,85.72208117,29,8,210888
9986,2995.8,99.92997548,111.9215725,54,6,359496
9518,2855.4,97.5602378,109.2674663,59,4,342648
2976,892.8,54.55272679,61.099054,30,1,107136
3191,957.3,56.48893697,63.26760941,55,6,114876
7498,2249.4,86.5909926,96.98191172,40,2,269928
10484,3145.2,102.3914059,114.6783746,25,4,377424
2350,705,48.47679857,54.2940144,17,6,84600
7801,2340.3,88.32326987,98.92206225,47,6,280836
891,267.3,29.84962311,33.43157789,1,2,32076
6767,2030.1,82.26177727,92.13319054,79,8,243612
8331,2499.3,91.27431183,102.2272292,90,1,299916
8397,2519.1,91.6351461,102.6313636,65,8,302292
6651,1995.3,81.55366331,91.34010291,51,8,239436
1401,420.3,37.42993454,41.92152669,14,1,50436
6083,1824.9,77.99358948,87.35282022,43,4,218988
1017,305.1,31.89043744,35.71728993,17,2,36612
7697,2309.1,87.73254812,98.2604539,18,4,277092
1570,471,39.62322551,44.37801257,18,1,56520
255,76.5,15.96871942,17.88496575,6,2,9180
5473,1641.9,73.97972695,82.85729419,26,4,197028
3922,1176.6,62.62587325,70.14097804,34,8,141192
10545,3163.5,102.6888504,115.0115125,98,2,379620
3145,943.5,56.08029957,62.80993552,42,4,113220
10806,3241.8,103.951912,116.4261414,46,6,389016
6309,1892.7,79.42921377,88.96071942,42,2,227124
7615,2284.5,87.26396736,97.73564345,50,3,274140
7437,2231.1,86.23804265,96.58660777,72,4,267732
8281,2484.3,91,101.92,65,2,298116
8166,2449.8,90.36592278,101.2098335,67,2,293976
202,60.6,14.2126704,15.91819085,1,2,7272
9094,2728.2,95.36246641,106.8059624,33,4,327384
7947,2384.1,89.14594775,99.84346148,23,1,286092
7464,2239.2,86.39444427,96.76177758,52,4,268704
10746,3223.8,103.6629153,116.1024651,22,8,386856
4885,1465.5,69.89277502,78.27990802,62,8,175860
10111,3033.3,100.5534684,112.6198846,58,6,363996
6324,1897.2,79.52358141,89.06641118,20,4,227664
701,210.3,26.47640459,29.65357314,9,3,25236
3312,993.6,57.54997828,64.45597567,56,2,119232
1211,363.3,34.79942528,38.97535632,4,1,43596
4352,1305.6,65.96969001,73.88605281,49,3,156672
3775,1132.5,61.44102864,68.81395207,34,1,135900
2290,687,47.85394446,53.59641779,24,2,82440
4660,1398,68.26419266,76.45589578,39,2,167760
4855,1456.5,69.67783005,78.03916965,7,3,174780
206,61.8,14.35270009,16.07502411,8,1,7416
10796,3238.8,103.9038017,116.3722579,86,4,388656
7665,2299.5,87.54998572,98.05598401,43,6,275940
5251,1575.3,72.46378406,81.15943814,48,3,189036
6231,1869.3,78.93668349,88.40908551,1,8,224316
4047,1214.1,63.61603571,71.24996,22,6,145692
4517,1355.1,67.2086304,75.27366605,47,4,162612
4407,1322.1,66.38523932,74.35146804,14,2,158652
1122,336.6,33.49626845,37.51582066,6,6,40392
8202,2460.6,90.56489386,101.4326811,9,2,295272
9678,2903.4,98.37682654,110.1820457,67,3,348408
7555,2266.5,86.91950299,97.34984335,61,4,271980
9208,2762.4,95.95832429,107.4733232,20,8,331488
2629,788.7,51.27377497,57.42662797,26,4,94644
854,256.2,29.22327839,32.7300718,19,6,30744
6082,1824.6,77.98717843,87.34563985,66,4,218952
6334,1900.2,79.586431,89.13680272,39,2,228024
2829,848.7,53.18834459,59.57094594,32,4,101844
4975,1492.5,70.5336799,78.99772149,64,3,179100
2806,841.8,52.97169055,59.32829342,14,1,101016
8413,2523.9,91.7224073,102.7290962,16,2,302868
9188,2756.4,95.85405573,107.3565424,10,8,330768
9513,2853.9,97.53460924,109.2387624,26,4,342468
9996,2998.8,99.979998,111.9775978,71,3,359856
3219,965.7,56.73623181,63.54457963,39,3,115884
2195,658.5,46.8508271,52.47292635,29,1,79020
2034,610.2,45.09988914,50.51187583,6,3,73224
131,39.3,11.44552314,12.81898592,2,6,4716
526,157.8,22.93468988,25.68685267,21,2,18936
2914,874.2,53.98147831,60.4592557,44,6,104904
9438,2831.4,97.14936953,108.8072939,3,2,339768
10425,3127.5,102.1028893,114.355236,22,3,375300
5041,1512.3,71,79.52,27,3,181476
9542,2862.6,97.68316129,109.4051406,36,2,343512
7778,2333.4,88.19297024,98.77612667,68,2,280008
9687,2906.1,98.42255839,110.2332654,80,1,348732
3038,911.4,55.11805512,61.73222173,15,4,109368
2934,880.2,54.16641026,60.66637949,19,2,105624
2467,740.1,49.66890375,55.6291722,22,4,88812
4889,1466.7,69.92138443,78.31195056,28,2,176004
8718,2615.4,93.3702308,104.5746585,71,4,313848
9098,2729.4,95.38343672,106.8294491,87,4,327528
7469,2240.7,86.42337647,96.79418164,80,6,268884
4596,1378.8,67.79380503,75.92906163,37,4,165456
6651,1995.3,81.55366331,91.34010291,80,4,239436
4004,1201.2,63.27716808,70.87042825,62,2,144144
4194,1258.2,64.76109943,72.53243137,32,1,150984
9990,2997,99.94998749,111.943986,43,1,359640
4847,1454.1,69.62039931,77.97484723,50,2,174492
8955,2686.5,94.63086177,105.9865652,62,1,322380
5418,1625.4,73.60706488,82.43991266,12,1,195048
3136,940.8,56,62.72,32,4,112896
1751,525.3,41.84495191,46.86634613,32,6,63036
3056,916.8,55.28109984,61.91483183,12,1,110016
7278,2183.4,85.31119504,95.54853845,79,3,262008
10819,3245.7,104.0144221,116.4961527,79,4,389484
3528,1058.4,59.39696962,66.52460597,46,4,127008
7804,2341.2,88.3402513,98.94108146,13,6,280944
3399,1019.7,58.30094339,65.2970566,20,1,122364
6495,1948.5,80.59156283,90.26255037,34,2,233820
6862,2058.6,82.83718972,92.77765248,16,4,247032
5696,1708.8,75.47184906,84.52847094,13,2,205056
1506,451.8,38.80721582,43.46408172,18,2,54216
1279,383.7,35.76310948,40.05468262,4,3,46044
5428,1628.4,73.67496183,82.51595724,32,4,195408
392,117.6,19.79898987,22.17486866,14,2,14112
7926,2377.8,89.02808546,99.71145571,56,2,285336
9507,2852.1,97.50384608,109.2043076,92,4,342252
7913,2373.9,88.95504483,99.62965021,57,1,284868
9354,2806.2,96.71607933,108.3220088,1,2,336744
6846,2053.8,82.74055837,92.66942538,64,4,246456
7745,2323.5,88.00568163,98.56636343,41,2,278820
9788,2936.4,98.93432165,110.8064402,43,6,352368
9824,2947.2,99.11609355,111.0100248,49,4,353664
8447,2534.1,91.90756226,102.9364697,21,4,304092
6374,1912.2,79.83733462,89.41781478,32,3,229464
629,188.7,25.07987241,28.0894571,3,2,22644
9259,2777.7,96.2236977,107.7705414,75,4,333324
4596,1378.8,67.79380503,75.92906163,27,2,165456
1942,582.6,44.06812907,49.35630456,40,2,69912
849,254.7,29.13760457,32.63411712,29,6,30564
2641,792.3,51.39066063,57.55753991,44,2,95076
694,208.2,26.34387974,29.50514531,24,6,24984
8862,2658.6,94.13819629,105.4347798,14,8,319032
2727,818.1,52.22068556,58.48716782,42,2,98172
286,85.8,16.91153453,18.94091867,10,8,10296
8195,2458.5,90.52623929,101.389388,57,8,295020
4110,1233,64.1092817,71.8023955,36,4,147960
3810,1143,61.72519745,69.13222114,10,2,137160
8806,2641.8,93.84028985,105.1011246,7,4,317016
10287,3086.1,101.424849,113.5958309,44,2,370332
9063,2718.9,95.19978992,106.6237647,38,4,326268
4079,1223.7,63.86704941,71.53109534,3,6,146844
7256,2176.8,85.18215776,95.40401669,35,2,261216
7486,2245.8,86.52167359,96.90427442,62,3,269496
9620,2886,98.08159868,109.8513905,6,4,346320
3748,1124.4,61.22091146,68.56742084,5,6,134928
7310,2193,85.498538,95.75836256,74,6,263160
10171,3051.3,100.8513758,112.9535409,16,4,366156
2671,801.3,51.68171824,57.88352443,23,2,96156
7173,2151.9,84.69356528,94.85679311,14,3,258228
8604,2581.2,92.757749,103.8886789,39,2,309744
827,248.1,28.75760769,32.20852061,1,3,29772
4519,1355.7,67.22350779,75.29032873,6,8,162684
5398,1619.4,73.47108275,82.28761268,5,2,194328
1047,314.1,32.35737937,36.2402649,13,4,37692
6789,2036.7,82.39538822,92.28283481,78,4,244404
5090,1527,71.34423593,79.90554424,49,6,183240
4765,1429.5,69.02897942,77.31245695,7,4,171540
8108,2432.4,90.04443348,100.8497655,66,6,291888
3904,1171.2,62.48199741,69.9798371,19,8,140544
8041,2412.3,89.67162316,100.4322179,1,2,289476
2967,890.1,54.47017533,61.00659636,39,4,106812
7600,2280,87.17797887,97.63933634,86,6,273600
10163,3048.9,100.8117057,112.9091103,79,1,365868
8172,2451.6,90.39911504,101.2470088,45,2,294192
7003,2100.9,83.68392916,93.72600066,68,8,252108
10316,3094.8,101.5677114,113.7558368,39,4,371376
5348,1604.4,73.1300212,81.90562374,51,2,192528
469,140.7,21.65640783,24.25517677,7,3,16884
1388,416.4,37.25587202,41.72657666,6,4,49968
3872,1161.6,62.22539674,69.69244435,37,1,139392
1825,547.5,42.72001873,47.84642097,19,8,65700
7353,2205.9,85.74963557,96.03959184,22,8,264708
3950,1185,62.84902545,70.3909085,12,6,142200
1822,546.6,42.68489194,47.80707897,34,6,65592
1213,363.9,34.82814953,39.00752748,20,2,43668
298,89.4,17.2626765,19.33419768,6,8,10728
6866,2059.8,82.86132994,92.80468954,11,3,247176
5340,1602,73.07530363,81.84434006,28,8,192240
10480,3144,102.3718711,114.6564957,41,2,377280
7630,2289,87.34987121,97.83185575,29,3,274680
6528,1958.4,80.79603951,90.49156425,79,2,235008
1481,444.3,38.48376281,43.10181435,2,8,53316
523,156.9,22.86919325,25.61349644,20,8,18828
4747,1424.1,68.89847604,77.16629316,35,2,170892
3017,905.1,54.92722458,61.51849153,45,8,108612
7083,2124.9,84.16056083,94.25982813,1,8,254988
6775,2032.5,82.31038817,92.18763475,16,8,243900
63,18.9,7.937253933,8.889724405,5,4,2268
9830,2949,99.14635646,111.0439192,95,3,353880
7694,2308.2,87.71544904,98.24130292,80,8,276984
8976,2692.8,94.74175426,106.1107648,52,8,323136
4788,1436.4,69.19537557,77.49882064,61,3,172368
5148,1544.4,71.74956446,80.35951219,67,8,185328
4093,1227.9,63.97655821,71.65374519,20,3,147348
4034,1210.2,63.51377803,71.1354314,25,4,145224
1933,579.9,43.96589587,49.24180338,20,2,69588
9105,2731.5,95.42012366,106.8705385,63,6,327780
7511,2253.3,86.66602564,97.06594872,1,2,270396
3629,1088.7,60.24118193,67.47012376,58,8,130644
4750,1425,68.92024376,77.19067301,55,1,171000
8357,2507.1,91.41662868,102.3866241,35,3,300852
4391,1317.3,66.26462103,74.21637555,41,1,158076
8496,2548.8,92.17374897,103.2345989,34,4,305856
5241,1572.3,72.39475119,81.08212133,58,3,188676
9016,2704.8,94.95261976,106.3469341,52,1,324576
1475,442.5,38.40572874,43.01441619,12,3,53100
9592,2877.6,97.93875637,109.6914071,83,6,345312
7431,2229.3,86.2032482,96.54763798,78,1,267516
3629,1088.7,60.24118193,67.47012376,13,3,130644
1840,552,42.89522118,48.04264772,1,2,66240
455,136.5,21.33072901,23.89041649,1,3,16380
7776,2332.8,88.18163074,98.76342643,84,4,279936
8733,2619.9,93.45052167,104.6645843,15,2,314388
2521,756.3,50.20956084,56.23470814,13,2,90756
2501,750.3,50.009999,56.01119888,19,1,90036
8677,2603.1,93.15041599,104.3284659,2,8,312372
3117,935.1,55.83009941,62.52971134,5,1,112212
9383,2814.9,96.86588667,108.4897931,25,6,337788
2651,795.3,51.48786265,57.66640617,20,8,95436
2876,862.8,53.62835071,60.0637528,34,4,103536
10381,3114.3,101.8871925,114.1136556,9,2,373716
3794,1138.2,61.59545438,68.9869089,56,2,136584
4793,1437.9,69.23149572,77.53927521,67,1,172548
4409,1322.7,66.4003012,74.36833735,34,2,158724
4027,1208.1,63.45864795,71.07368571,36,4,144972
3614,1084.2,60.11655346,67.33053988,30,8,130104
6397,1919.1,79.9812478,89.57899754,11,6,230292
8570,2571,92.57429449,103.6832098,42,6,308520
10771,3231.3,103.7834283,116.2374398,38,2,387756
2012,603.6,44.85532298,50.23796174,9,2,72432
2080,624,45.607017,51.07985904,8,4,74880
9738,2921.4,98.68130522,110.5230618,75,4,350568
10658,3197.4,103.2375901,115.6261009,66,4,383688
7347,2204.1,85.71464286,96.0004,9,6,264492
1142,342.6,33.7934905,37.84870936,14,6,41112
8453,2535.9,91.94019795,102.9730217,77,6,304308
698,209.4,26.41968963,29.59005238,12,6,25128
2600,780,50.99019514,57.10901855,17,8,93600
9778,2933.4,98.88377015,110.7498226,33,8,352008
2173,651.9,46.61544808,52.20930185,6,8,78228
7391,2217.3,85.97092532,96.28743636,17,4,266076
9449,2834.7,97.2059669,108.8706829,84,2,340164
10458,3137.4,102.2643633,114.5360869,19,4,376488
10214,3064.2,101.0643359,113.1920563,18,6,367704
9369,2810.7,96.79359483,108.4088262,38,1,337284
1639,491.7,40.48456496,45.34271276,28,3,59004
9714,2914.2,98.55962662,110.3867818,5,6,349704
10747,3224.1,103.6677385,116.1078671,30,2,386892
1688,506.4,41.08527717,46.01551043,30,1,60768
3183,954.9,56.41808221,63.18825207,39,8,114588
6372,1911.6,79.82480817,89.40378515,67,2,229392
9503,2850.9,97.48333191,109.1813317,58,2,342108
7774,2332.2,88.17028978,98.75072455,16,4,279864
5358,1607.4,73.19836064,81.98216391,4,2,192888
8843,2652.9,94.03722667,105.3216939,82,1,318348
1682,504.6,41.01219331,45.93365651,30,6,60552
3814,1144.2,61.75759063,69.1685015,34,3,137304
7013,2103.9,83.74365648,93.79289525,36,4,252468
1455,436.5,38.14446225,42.72179771,37,2,52380
5277,1583.1,72.64296249,81.36011799,13,1,189972
7195,2158.5,84.82334584,95.00214734,15,4,259020
862,258.6,29.35983651,32.88301689,9,8,31032
8936,2680.8,94.53041838,105.8740686,1,3,321696
7289,2186.7,85.37564055,95.62071742,68,4,262404
3631,1089.3,60.25777958,67.48871313,57,1,130716
10251,3075.3,101.2472222,113.3968888,98,2,369036
4027,1208.1,63.45864795,71.07368571,6,1,144972
7161,2148.3,84.62269199,94.77741503,9,2,257796
4376,1312.8,66.15134163,74.08950263,42,3,157536
2905,871.5,53.89805191,60.36581814,38,1,104580
6633,1989.9,81.44323176,91.21641957,57,2,238788
9558,2867.4,97.76502442,109.4968274,86,8,344088
8062,2418.6,89.78864071,100.5632776,56,8,290232
8439,2531.7,91.86402996,102.8877136,52,4,303804
7145,2143.5,84.52810184,94.67147406,62,8,257220
4009,1202.7,63.31666447,70.91466421,49,6,144324
7661,2298.3,87.52713865,98.03039529,50,4,275796
2956,886.8,54.36910888,60.89340194,13,4,106416
8803,2640.9,93.82430389,105.0832204,46,8,316908
5443,1632.9,73.77669009,82.6298929,61,2,195948
10286,3085.8,101.4199191,113.5903094,44,4,370296
9121,2736.3,95.50392662,106.9643978,49,2,328356
8724,2617.2,93.40235543,104.6106381,81,6,314064
9778,2933.4,98.88377015,110.7498226,8,2,352008
3364,1009.2,58,64.96,38,3,121104
2569,770.7,50.68530359,56.76754002,44,4,92484
3406,1021.8,58.36094585,65.36425935,1,6,122616
5247,1574.1,72.43617881,81.12852026,59,8,188892
6745,2023.5,82.12794896,91.98330283,54,4,242820
6911,2073.3,83.13242448,93.10831542,25,3,248796
4383,1314.9,66.20422947,74.14873701,20,8,157788
4153,1245.9,64.44377394,72.17702682,46,3,149508
358,107.4,18.92088793,21.19139448,8,8,12888
1323,396.9,36.37306696,40.73783499,3,2,47628
5059,1517.7,71.12664761,79.66184532,21,4,182124
8600,2580,92.73618495,103.8645271,64,3,309600
348,104.4,18.65475811,20.89332908,8,8,12528
5912,1773.6,76.88953115,86.11627488,3,2,212832
7390,2217,85.9651092,96.28092231,27,2,266040
9797,2939.1,98.97979592,110.8573714,45,2,352692
1438,431.4,37.92097045,42.47148691,29,8,51768
7855,2356.5,88.62843787,99.26385042,64,4,282780
10433,3129.9,102.1420579,114.3991049,70,4,375588
4318,1295.4,65.71149062,73.5968695,36,8,155448
2173,651.9,46.61544808,52.20930185,14,2,78228
4309,1292.7,65.64297373,73.52013058,23,2,155124
9503,2850.9,97.48333191,109.1813317,17,4,342108
9038,2711.4,95.06839643,106.476604,20,6,325368
3090,927,55.58776844,62.25830065,20,6,111240
5205,1561.5,72.14568594,80.80316825,33,4,187380
486,145.8,22.04540769,24.69085661,5,4,17496
3553,1065.9,59.60704656,66.75989215,59,4,127908
10222,3066.6,101.1039069,113.2363758,47,8,367992
4836,1450.8,69.5413546,77.88631716,59,2,174096
688,206.4,26.2297541,29.37732459,24,2,24768
2584,775.2,50.83306011,56.93302732,48,4,93024
3721,1116.3,61,68.32,18,1,133956
9327,2798.1,96.57639463,108.165562,27,6,335772
10319,3095.7,101.5824788,113.7723763,75,4,371484
9228,2768.4,96.06247967,107.5899772,69,2,332208
5452,1635.6,73.83765977,82.69817894,50,6,196272
489,146.7,22.11334439,24.76694571,3,3,17604
2486,745.8,49.85980345,55.84297986,14,2,89496
5197,1559.1,72.09022125,80.7410478,12,6,187092
564,169.2,23.74868417,26.59852627,4,4,20304
10402,3120.6,101.9901956,114.2290191,21,4,374472
4754,1426.2,68.9492567,77.22316751,22,3,171144
6235,1870.5,78.96201618,88.43745813,56,4,224460
1896,568.8,43.54308211,48.76825197,28,3,68256
6629,1988.7,81.41867108,91.18891161,35,6,238644
9429,2828.7,97.10303806,108.7554026,12,2,339444
2981,894.3,54.59853478,61.15035895,40,8,107316
10804,3241.2,103.9422917,116.4153667,93,8,388944
492,147.6,22.18107301,24.84280177,20,3,17712
2205,661.5,46.95742753,52.59231883,43,3,79380
7189,2156.7,84.78797084,94.96252735,58,2,258804
1853,555.9,43.0464865,48.21206488,3,2,66708
10634,3190.2,103.1212878,115.4958423,60,6,382824
1037,311.1,32.20248438,36.0667825,23,8,37332
8205,2461.5,90.58145506,101.4512297,31,1,295380
1040,312,32.24903099,36.11891471,32,4,37440
7511,2253.3,86.66602564,97.06594872,22,8,270396
4137,1241.1,64.31951492,72.03785671,56,1,148932
9985,2995.5,99.92497185,111.9159685,49,4,359460
8478,2543.4,92.07605552,103.1251822,66,8,305208
458,137.4,21.40093456,23.96904671,18,3,16488
4897,1469.1,69.97856815,78.37599633,62,1,176292
1033,309.9,32.14031736,35.99715544,25,4,37188
9829,2948.7,99.14131329,111.0382709,47,4,353844
5439,1631.7,73.74957627,82.59952542,30,6,195804
2663,798.9,51.60426339,57.796775,8,1,95868
4671,1401.3,68.3447145,76.54608024,49,2,168156
4046,1213.8,63.60817558,71.24115664,9,1,145656
432,129.6,20.78460969,23.27876285,4,4,15552
7674,2302.2,87.60136985,98.11353423,21,3,276264
834,250.2,28.87905816,32.34454514,22,4,30024
3095,928.5,55.63272418,62.30865108,54,4,111420
10724,3217.2,103.5567477,115.9835575,99,6,386064
4393,1317.9,66.27971032,74.23327556,32,3,158148
6461,1938.3,80.38034586,90.02598736,44,4,232596
4037,1211.1,63.53739057,71.16187743,60,8,145332
786,235.8,28.03569154,31.39997452,9,3,28296
3112,933.6,55.78530272,62.47953905,1,6,112032
5854,1756.2,76.51143705,85.6928095,56,2,210744
1690,507,41.10960958,46.04276273,6,4,60840
4928,1478.4,70.1997151,78.62368091,50,2,177408
5333,1599.9,73.02739212,81.79067918,33,2,191988
1738,521.4,41.68932717,46.69204643,17,2,62568
9149,2744.7,95.65040512,107.1284537,19,8,329364
3137,941.1,56.00892786,62.7299992,23,2,112932
9984,2995.2,99.91996797,111.9103641,7,4,359424
898,269.4,29.96664813,33.5626459,7,2,32328
10532,3159.6,102.6255329,114.9405968,99,4,379152
7932,2379.6,89.06177631,99.74918947,25,1,285552
170,51,13.03840481,14.60301339,10,2,6120
3821,1146.3,61.81423784,69.23194638,54,3,137556
1512,453.6,38.88444419,43.55057749,20,1,54432
9425,2827.5,97.08243919,108.7323319,27,3,339300
8377,2513.1,91.5259526,102.5090669,13,8,301572
2526,757.8,50.25932749,56.29044679,4,4,90936
5317,1595.1,72.9177619,81.66789332,26,4,191412
1698,509.4,41.20679556,46.15161102,20,3,61128
8960,2688,94.65727653,106.0161497,86,2,322560
8775,2632.5,93.67496998,104.9159664,60,1,315900
3092,927.6,55.6057551,62.27844571,51,6,111312
5264,1579.2,72.55342859,81.25984002,58,4,189504
1071,321.3,32.72613634,36.65327271,26,2,38556
3523,1056.9,59.35486501,66.47744881,48,8,126828
4174,1252.2,64.60650122,72.35928137,25,1,150264
10213,3063.9,101.0593885,113.1865151,87,2,367668
10409,3122.7,102.0245069,114.2674477,6,8,374724
5960,1788,77.20103626,86.46516061,6,4,214560
770,231,27.74887385,31.07873871,8,3,27720
6086,1825.8,78.01281946,87.37435779,7,1,219096
7334,2200.2,85.63877626,95.91542942,61,1,264024
31,9.3,5.567764363,6.235896086,1,2,1116
9713,2913.9,98.55455342,110.3810998,53,4,349668
8560,2568,92.52026805,103.6227002,32,4,308160
10471,3141.3,102.3279043,114.6072528,25,6,376956
4419,1325.7,66.47555942,74.45262655,8,2,159084
86,25.8,9.273618495,10.38645271,1,8,3096
6969,2090.7,83.48053665,93.49820105,51,4,250884
7274,2182.2,85.28774824,95.52227803,64,3,261864
8578,2573.4,92.61749295,103.7315921,89,8,308808
9734,2920.2,98.66103588,110.5003602,36,4,350424
870,261,29.49576241,33.0352539,4,2,31320
5563,1668.9,74.58552138,83.53578395,40,8,200268
4759,1427.7,68.98550572,77.26376641,66,4,171324
1889,566.7,43.46262762,48.67814294,39,1,68004
8774,2632.2,93.66963222,104.9099881,46,8,315864
7095,2128.5,84.23182296,94.33964172,18,3,255420
3920,1176,62.60990337,70.12309177,37,2,141120
8596,2578.8,92.71461589,103.8403698,64,3,309456
4403,1320.9,66.3551053,74.31771794,64,8,158508
3060,918,55.31726674,61.95533875,54,1,110160
2764,829.2,52.57375771,58.88260864,29,2,99504
3622,1086.6,60.18305409,67.40502058,60,2,130392
3634,1090.2,60.28266749,67.51658759,7,3,130824
1494,448.2,38.65229618,43.29057172,21,3,53784
802,240.6,28.31960452,31.71795706,19,4,28872
3679,1103.7,60.65476074,67.93333202,50,1,132444
10220,3066,101.0940156,113.2252975,50,1,367920
8758,2627.4,93.5841867,104.8142891,35,2,315288
7036,2110.8,83.8808679,93.94657205,53,4,253296
3247,974.1,56.98245344,63.82034785,17,4,116892
3805,1141.5,61.68468205,69.0868439,13,4,136980
7415,2224.5,86.11039426,96.44364157,66,1,266940
9574,2872.2,97.84681906,109.5884373,68,2,344664
3870,1161,62.20932406,69.67444295,27,8,139320
8426,2527.8,91.79324594,102.8084355,56,8,303336
3988,1196.4,63.15061362,70.72868725,59,4,143568
5002,1500.6,70.72481884,79.2117971,41,3,180072
7524,2257.2,86.74099377,97.14991302,86,1,270864
10699,3209.7,103.4359705,115.848287,31,1,385164
2585,775.5,50.84289528,56.94404271,13,2,93060
10333,3099.9,101.651365,113.8495288,19,2,371988
10404,3121.2,102,114.24,68,2,374544
4053,1215.9,63.66317617,71.30275731,27,2,145908
2450,735,49.49747468,55.43717165,12,4,88200
1411,423.3,37.56327994,42.07087354,7,3,50796
9928,2978.4,99.63934966,111.5960716,73,8,357408
9593,2877.9,97.94386147,109.6971248,23,6,345348
2088,626.4,45.69463864,51.17799527,2,1,75168
10775,3232.5,103.8026975,116.2590212,51,2,387900
1710,513,41.35214626,46.31440381,18,4,61560
9487,2846.1,97.40123203,109.0893799,88,4,341532
7537,2261.1,86.81589716,97.23380482,5,4,271332
363,108.9,19.05255888,21.33886595,12,3,13068
8846,2653.8,94.05317645,105.3395576,18,3,318456
9314,2794.2,96.50906693,108.090155,65,4,335304
1984,595.2,44.5421149,49.88716869,33,1,71424
8091,2427.3,89.9499861,100.7439844,88,4,291276
4203,1260.9,64.83054835,72.61021416,64,1,151308
6056,1816.8,77.82030583,87.15874253,12,1,218016
6416,1924.8,80.09993758,89.71193009,39,2,230976
2856,856.8,53.44155686,59.85454369,44,2,102816
161,48.3,12.68857754,14.21120685,7,8,5796
8749,2624.7,93.53608929,104.76042,43,3,314964
7762,2328.6,88.10221337,98.67447897,19,1,279432
3322,996.6,57.6367938,64.55320906,8,4,119592
1202,360.6,34.66987165,38.83025624,8,1,43272
4930,1479,70.21395873,78.63963377,57,4,177480
8538,2561.4,92.40129869,103.4894545,79,1,307368
3080,924,55.4977477,62.15747743,26,2,110880
1196,358.8,34.58323293,38.73322088,11,4,43056
5557,1667.1,74.54528825,83.49072284,16,1,200052
8112,2433.6,90.06664199,100.874639,64,3,292032
8143,2442.9,90.23857268,101.0672014,68,4,293148
5455,1636.5,73.85797181,82.72092843,14,1,196380
4446,1333.8,66.67833231,74.67973219,23,8,160056
8038,2411.4,89.6548939,100.4134812,83,8,289368
9297,2789.1,96.42095208,107.9914663,13,8,334692
9426,2827.8,97.08758932,108.7381,88,2,339336
1218,365.4,34.89985673,39.08783954,22,8,43848
5364,1609.2,73.23933369,82.02805374,2,4,193104
2488,746.4,49.87985565,55.86543833,43,2,89568
1178,353.4,34.3220046,38.44064516,3,2,42408
3703,1110.9,60.85228015,68.15455377,50,4,133308
633,189.9,25.15949125,28.1786302,1,2,22788
5341,1602.3,73.08214556,81.85200303,44,6,192276
6633,1989.9,81.44323176,91.21641957,54,3,238788
9906,2971.8,99.52889028,111.4723571,52,6,356616
4894,1468.2,69.95712973,78.3519853,62,3,176184
2274,682.2,47.68647607,53.4088532,36,2,81864
2695,808.5,51.91338941,58.14299614,7,4,97020
238,71.4,15.42724862,17.27851846,14,3,8568
8437,2531.1,91.85314366,102.8755209,54,4,303732
6174,1852.2,78.57480512,88.00378174,53,2,222264
4599,1379.7,67.81592733,75.95383861,44,1,165564
1061,318.3,32.57299495,36.48175434,5,4,38196
2585,775.5,50.84289528,56.94404271,31,2,93060
1911,573.3,43.71498599,48.96078431,30,4,68796
735,220.5,27.11088342,30.36418943,26,3,26460
9383,2814.9,96.86588667,108.4897931,21,4,337788
5332,1599.6,73.02054505,81.78301046,4,4,191952
3697,1109.1,60.80296045,68.09931571,22,1,133092
7660,2298,87.52142595,98.02399706,27,2,275760
6755,2026.5,82.18880702,92.05146387,43,6,243180
7829,2348.7,88.48163651,99.09943289,57,2,281844
6392,1917.6,79.94998437,89.54398249,44,4,230112
6626,1987.8,81.4002457,91.16827518,54,2,238536
8752,2625.6,93.55212451,104.7783794,53,8,315072
4676,1402.8,68.38128399,76.58703807,2,2,168336
4450,1335,66.70832032,74.71331876,37,2,160200
1047,314.1,32.35737937,36.2402649,17,6,37692
9868,2960.4,99.33780751,111.2583444,21,2,355248
2716,814.8,52.11525688,58.36908771,48,4,97776
6646,1993.8,81.52300289,91.30576324,38,8,239256
4356,1306.8,66,73.92,6,8,156816
9936,2980.8,99.67948636,111.6410247,90,4,357696
10219,3065.7,101.0890696,113.219758,101,2,367884
10634,3190.2,103.1212878,115.4958423,94,2,382824
1625,487.5,40.31128874,45.14864339,8,6,58500
3217,965.1,56.71860365,63.52483609,1,4,115812
9289,2786.7,96.37945839,107.9449934,71,1,334404
1147,344.1,33.86738844,37.93147506,4,2,41292
420,126,20.49390153,22.95316972,3,1,15120
2401,720.3,49,54.88,17,8,86436
6129,1838.7,78.2879301,87.68248172,10,2,220644
8399,2519.7,91.64605829,102.6435853,43,4,302364
6824,2047.2,82.60750571,92.5204064,49,8,245664
5941,1782.3,77.07788269,86.32722861,7,2,213876
3073,921.9,55.43464621,62.08680375,27,4,110628
10566,3169.8,102.7910502,115.1259762,99,3,380376
7847,2354.1,88.58329414,99.21328943,2,8,282492
2807,842.1,52.98112872,59.33886416,25,3,101052
3871,1161.3,62.21736092,69.68344423,34,2,139356
3903,1170.9,62.47399459,69.97087394,10,6,140508
8770,2631,93.64827815,104.8860715,12,2,315720
4215,1264.5,64.92303135,72.71379511,3,3,151740
3561,1068.3,59.67411499,66.83500879,47,6,128196
5099,1529.7,71.40728254,79.97615645,45,1,183564
6740,2022,82.09750301,91.94920337,34,8,242640
944,283.2,30.72458299,34.41153295,7,4,33984
4550,1365,67.45368782,75.54813035,41,4,163800
57,17.1,7.549834435,8.455814568,7,4,2052
8823,2646.9,93.93082561,105.2025247,4,1,317628
4177,1253.1,64.62971453,72.38528027,14,8,150372
1636,490.8,40.44749683,45.30119645,8,2,58896
1258,377.4,35.4682957,39.72449119,30,8,45288
1910,573,43.70354677,48.94797238,17,1,68760
8681,2604.3,93.17188417,104.3525103,43,6,312516
7361,2208.3,85.79627032,96.09182275,4,4,264996
2121,636.3,46.05431576,51.58083365,36,4,76356
2834,850.2,53.23532662,59.62356581,35,1,102024
3266,979.8,57.14892825,64.00679964,48,3,117576
524,157.2,22.89104628,25.63797184,21,8,18864
4353,1305.9,65.97726881,73.89454107,46,2,156708
3798,1139.4,61.62791575,69.02326564,55,1,136728
3371,1011.3,58.06031347,65.02755108,7,1,121356
3022,906.6,54.97272051,61.56944697,44,4,108792
1508,452.4,38.83297568,43.49293276,15,4,54288
2479,743.7,49.78955714,55.76430399,46,2,89244
9764,2929.2,98.81295462,110.6705092,57,2,351504
2043,612.9,45.19955752,50.62350442,44,1,73548
7704,2311.2,87.77243303,98.30512499,27,3,277344
5979,1793.7,77.32399369,86.60287293,31,6,215244
6110,1833,78.16648898,87.54646766,9,4,219960
10537,3161.1,102.6498904,114.9678773,81,2,379332
7452,2235.6,86.32496742,96.68396351,82,3,268272
5468,1640.4,73.94592619,82.81943733,26,2,196848
7597,2279.1,87.16077099,97.62006351,13,2,273492
480,144,21.9089023,24.53797058,14,1,17280
1119,335.7,33.45145737,37.46563225,1,3,40284
5474,1642.2,73.98648525,82.86486348,1,8,197064
8945,2683.5,94.57801013,105.9273713,71,6,322020
10365,3109.5,101.808644,114.0256813,29,1,373140
4081,1224.3,63.88270501,71.54862962,30,6,146916
10197,3059.1,100.9801961,113.0978196,34,6,367092
10825,3247.5,104.0432602,116.5284515,10,2,389700
4537,1361.1,67.35725648,75.44012725,19,4,163332
6302,1890.6,79.38513715,88.91135361,31,3,226872
2656,796.8,51.53639491,57.7207623,23,2,95616
2644,793.2,51.41984053,57.59022139,27,2,95184
9265,2779.5,96.25487001,107.8054544,58,2,333540
218,65.4,14.76482306,16.53660183,14,8,7848
2115,634.5,45.98912915,51.50782465,35,3,76140
6544,1963.2,80.89499366,90.6023929,62,3,235584
8459,2537.7,91.97282207,103.0095607,34,2,304524
1779,533.7,42.17819342,47.23957663,23,3,64044
161,48.3,12.68857754,14.21120685,2,2,5796
4319,1295.7,65.7190992,73.60539111,57,8,155484
3292,987.6,57.37595315,64.26106753,41,2,118512
9525,2857.5,97.59610648,109.3076393,68,8,342900
5694,1708.2,75.45859792,84.51362967,38,2,204984
7381,2214.3,85.91274643,96.22227601,66,6,265716
8786,2635.8,93.73366524,104.9817051,62,6,316296
8110,2433,90.05553842,100.862203,31,8,291960
10015,3004.5,100.0749719,112.0839685,95,3,360540
2055,616.5,45.33210783,50.77196077,39,1,73980
5479,1643.7,74.02026749,82.90269959,45,4,197244
1295,388.5,35.98610843,40.30444144,27,2,46620
10774,3232.2,103.7978805,116.2536262,76,3,387864
10781,3234.3,103.8315944,116.2913858,55,3,388116
6990,2097,83.60621986,93.63896625,21,1,251640
9915,2974.5,99.57409302,111.5229842,8,8,356940
436,130.8,20.88061302,23.38628658,16,2,15696
9157,2747.1,95.69221494,107.1752807,19,2,329652
7315,2194.5,85.52777327,95.79110606,71,2,263340
5178,1553.4,71.95832127,80.59331982,69,3,186408
4481,1344.3,66.94027188,74.97310451,57,6,161316
4034,1210.2,63.51377803,71.1354314,50,4,145224
9391,2817.3,96.90717208,108.5360327,84,2,338076
2088,626.4,45.69463864,51.17799527,32,2,75168
3524,1057.2,59.36328832,66.48688292,16,2,126864
6832,2049.6,82.65591328,92.57462287,2,2,245952
10421,3126.3,102.0832993,114.3332952,40,2,375156
2813,843.9,53.03772242,59.40224912,49,8,101268
4077,1223.1,63.85138996,71.51355676,42,1,146772
4174,1252.2,64.60650122,72.35928137,61,8,150264
6726,2017.8,82.01219422,91.85365752,22,8,242136
1717,515.1,41.43669871,46.40910256,37,3,61812
5853,1755.9,76.5049018,85.68549002,32,3,210708
3506,1051.8,59.21148537,66.31686362,37,8,126216
7176,2152.8,84.71127434,94.87662726,65,6,258336
9002,2700.6,94.87887015,106.2643346,4,4,324072
10702,3210.6,103.4504712,115.8645278,83,2,385272
5510,1653,74.22937424,83.13689915,26,3,198360
1636,490.8,40.44749683,45.30119645,35,4,58896
821,246.3,28.65309756,32.09146927,6,2,29556
3519,1055.7,59.3211598,66.43969898,37,6,126684
8966,2689.8,94.68896451,106.0516403,79,8,322776
5529,1658.7,74.35724578,83.28011527,22,3,199044
6243,1872.9,79.01265721,88.49417608,77,4,224748
3060,918,55.31726674,61.95533875,49,4,110160
1707,512.1,41.31585652,46.2737593,16,4,61452
3309,992.7,57.52390807,64.42677704,3,6,119124
9526,2857.8,97.6012295,109.313377,24,4,342936
7184,2155.2,84.7584804,94.92949805,10,3,258624
3162,948.6,56.23166368,62.97946332,15,1,113832
758,227.4,27.5317998,30.83561577,10,6,27288
1332,399.6,36.49657518,40.8761642,4,2,47952
1196,358.8,34.58323293,38.73322088,34,6,43056
7980,2394,89.33084574,100.0505472,40,4,287280
1601,480.3,40.01249805,44.81399781,31,4,57636
9403,2820.9,96.96906723,108.6053553,8,6,338508
4682,1404.6,68.42514158,76.63615857,11,4,168552
9376,2812.8,96.8297475,108.4493172,41,2,337536
4087,1226.1,63.92964883,71.60120669,39,3,147132
8474,2542.2,92.05433178,103.1008516,5,1,305064
5926,1777.8,76.98051702,86.21817906,10,6,213336
5651,1695.3,75.1731335,84.19390952,54,3,203436
8402,2520.6,91.66242414,102.661915,42,2,302472
8509,2552.7,92.24424101,103.3135499,65,1,306324
5252,1575.6,72.47068373,81.16716578,66,4,189072
3407,1022.1,58.36951259,65.3738541,40,2,122652
5106,1531.8,71.45628034,80.03103398,43,1,183816
8441,2532.3,91.87491497,102.8999048,46,2,303876
9845,2953.5,99.22197337,111.1286102,87,2,354420
1177,353.1,34.3074336,38.42432563,5,4,42372
106,31.8,10.29563014,11.53110576,7,4,3816
7272,2181.6,85.27602242,95.50914511,20,8,261792
9007,2702.1,94.90521587,106.2938418,27,1,324252
884,265.2,29.73213749,33.29999399,4,1,31824
5269,1580.7,72.58787778,81.29842311,41,2,189684
9903,2970.9,99.51381814,111.4554763,20,4,356508
2749,824.7,52.43090692,58.72261575,36,1,98964
3682,1104.6,60.67948583,67.96102412,7,4,132552
7659,2297.7,87.51571287,98.01759842,73,2,275724
1233,369.9,35.11409973,39.3277917,35,6,44388
5713,1713.9,75.58438992,84.65451671,38,1,205668
9370,2811,96.79876032,108.4146116,29,1,337320
149,44.7,12.20655562,13.67134229,2,4,5364
2273,681.9,47.67598976,53.39710854,24,3,81828
9992,2997.6,99.959992,111.955191,67,2,359712
8831,2649.3,93.97340049,105.2502086,7,4,317916
8816,2644.8,93.89355675,105.1607836,34,1,317376
1325,397.5,36.40054945,40.76861538,1,4,47700
5503,1650.9,74.18220811,83.08407308,54,8,198108
8724,2617.2,93.40235543,104.6106381,20,3,314064
1602,480.6,40.02499219,44.82799126,11,1,57672
8503,2550.9,92.21171292,103.2771185,45,6,306108
7186,2155.8,84.77027781,94.94271115,19,3,258696
664,199.2,25.76819745,28.86038115,22,4,23904
7505,2251.5,86.63140308,97.02717145,18,4,270180
8726,2617.8,93.41306119,104.6226285,4,1,314136
9143,2742.9,95.61903576,107.0933201,33,4,329148
8780,2634,93.7016542,104.9458527,27,2,316080
6860,2058,82.82511696,92.764131,68,6,246960
3281,984.3,57.28001397,64.15361564,34,6,118116
5969,1790.7,77.25930365,86.53042008,58,2,214884
1486,445.8,38.54867053,43.174511,36,3,53496
1866,559.8,43.19722213,48.38088879,43,6,67176
5915,1774.5,76.90903718,86.13812164,26,8,212940
9854,2956.2,99.26731587,111.1793938,9,4,354744
5257,1577.1,72.50517223,81.2057929,15,3,189252
6084,1825.2,78,87.36,7,3,219024
8378,2513.4,91.53141537,102.5151852,52,2,301608
10012,3003.6,100.059982,112.0671799,55,6,360432
188,56.4,13.7113092,15.3566663,7,3,6768
7450,2235,86.31338251,96.67098841,62,1,268200
1798,539.4,42.40283009,47.49116971,29,6,64728
4117,1235.1,64.16385275,71.86351508,35,2,148212
3562,1068.6,59.68249325,66.84439243,52,2,128232
7451,2235.3,86.31917516,96.67747618,23,6,268236
3157,947.1,56.18718715,62.92964961,38,3,113652
1637,491.1,40.45985665,45.31503945,4,1,58932
6013,1803.9,77.54353616,86.8487605,36,8,216468
1855,556.5,43.06971093,48.23807625,40,4,66780
8124,2437.2,90.13323471,100.9492229,1,6,292464
10183,3054.9,100.9108517,113.020154,39,3,366588
3599,1079.7,59.99166609,67.19066602,48,4,129564
8128,2438.4,90.15542136,100.9740719,30,8,292608
9754,2926.2,98.762341,110.6138219,10,4,351144
8232,2469.6,90.73036978,101.6180142,1,4,296352
6720,2016,81.97560613,91.81267886,62,1,241920
10473,3141.9,102.3376763,114.6181975,52,4,377028
4444,1333.2,66.66333325,74.66293324,53,4,159984
8733,2619.9,93.45052167,104.6645843,41,2,314388
4812,1443.6,69.36858078,77.69281048,51,2,173232
3164,949.2,56.24944444,62.99937777,37,4,113904
4776,1432.8,69.10861017,77.40164339,56,6,171936
7907,2372.1,88.92131353,99.59187115,27,4,284652
3399,1019.7,58.30094339,65.2970566,37,3,122364
2605,781.5,51.03920062,57.1639047,48,2,93780
1167,350.1,34.16138171,38.26074751,32,4,42012
1293,387.9,35.95830919,40.2733063,14,3,46548
8776,2632.8,93.68030743,104.9219443,74,2,315936
5524,1657.2,74.3236167,83.24245071,12,3,198864
6287,1886.1,79.29060474,88.80547731,40,8,226332
4487,1346.1,66.98507296,75.02328172,24,6,161532
1646,493.8,40.57092555,45.43943662,19,1,59256
6899,2069.7,83.06021912,93.02744541,58,8,248364
1259,377.7,35.48239,39.7402768,12,6,45324
2876,862.8,53.62835071,60.0637528,16,4,103536
1509,452.7,38.8458492,43.5073511,7,2,54324
2923,876.9,54.06477596,60.55254908,36,6,105228
8049,2414.7,89.71621927,100.4821656,5,4,289764
4617,1385.1,67.94850992,76.10233111,19,6,166212
3969,1190.7,63,70.56,54,4,142884
5253,1575.9,72.47758274,81.17489267,15,2,189108
5500,1650,74.16198487,83.06142306,28,4,198000
2031,609.3,45.06661736,50.47461144,36,1,73116
8596,2578.8,92.71461589,103.8403698,71,2,309456
7001,2100.3,83.67197858,93.71261601,27,8,252036
985,295.5,31.38470965,35.15087481,20,4,35460
6520,1956,80.74651695,90.43609899,2,4,234720
5946,1783.8,77.11031059,86.36354787,49,4,214056
5193,1557.9,72.0624729,80.70996964,7,4,186948
4123,1236.9,64.21059103,71.91586195,5,3,148428
6724,2017.2,82,91.84,32,6,242064
6447,1934.1,80.29321266,89.92839818,35,6,232092
2138,641.4,46.23851209,51.78713354,40,4,76968
9028,2708.4,95.01578816,106.4176827,81,2,325008
2091,627.3,45.72745346,51.21474788,43,2,75276
2172,651.6,46.60472079,52.19728729,21,3,78192
9660,2898,98.285299,110.0795349,96,4,347760
8906,2671.8,94.3716059,105.6961986,46,6,320616
9691,2907.3,98.44287684,110.2560221,23,4,348876
6363,1908.9,79.7684148,89.34062458,9,2,229068
8447,2534.1,91.90756226,102.9364697,47,4,304092
6241,1872.3,79,88.48,56,3,224676
2633,789.9,51.31276644,57.47029842,40,2,94788
353,105.9,18.78829423,21.04288954,5,6,12708
8696,2608.8,93.25234581,104.4426273,3,4,313056
5167,1550.1,71.8818475,80.5076692,70,4,186012
1198,359.4,34.6121366,38.76559299,16,8,43128
8102,2430.6,90.01111043,100.8124437,60,4,291672
9023,2706.9,94.9894731,106.3882099,87,8,324828
5460,1638,73.89181281,82.75883034,57,2,196560
2489,746.7,49.88987873,55.87666418,3,6,89604
3576,1072.8,59.79966555,66.97562542,53,4,128736
7272,2181.6,85.27602242,95.50914511,74,2,261792
1558,467.4,39.47150871,44.20808976,38,6,56088
8484,2545.2,92.10863152,103.1616673,79,6,305424
10027,3008.1,100.134909,112.1510981,21,3,360972
8793,2637.9,93.77099765,105.0235174,13,3,316548
6862,2058.6,82.83718972,92.77765248,33,3,247032
7904,2371.2,88.90444308,99.57297625,86,3,284544
2268,680.4,47.6235236,53.33834643,45,6,81648
5123,1536.9,71.57513535,80.16415159,38,6,184428
9933,2979.9,99.66443699,111.6241694,29,3,357588
7460,2238,86.37129153,96.73584651,42,2,268560
2445,733.5,49.44694126,55.38057421,9,3,88020
3350,1005,57.87918451,64.82468666,42,2,120600
4927,1478.1,70.1925922,78.61570327,54,2,177372
4296,1288.8,65.54387843,73.40914384,56,3,154656
1377,413.1,37.10795063,41.56090471,31,6,49572
8873,2661.9,94.19660291,105.5001953,64,1,319428
560,168,23.66431913,26.50403743,11,2,20160
10782,3234.6,103.8364098,116.296779,90,8,388152
6679,2003.7,81.72514913,91.53216702,19,3,240444
1612,483.6,40.1497198,44.96768618,4,2,58032
1206,361.8,34.72751071,38.89481199,6,2,43416
2767,830.1,52.60228132,58.91455508,38,1,99612
1569,470.7,39.61060464,44.3638772,28,2,56484
4583,1374.9,67.69785816,75.82160114,60,6,164988
6699,2009.7,81.84741902,91.6691093,52,4,241164
7290,2187,85.38149682,95.62727644,32,1,262440
8827,2648.1,93.95211546,105.2263693,50,4,317772
9643,2892.9,98.198778,109.9826314,35,2,347148
5741,1722.3,75.76938696,84.86171339,69,1,206676
7063,2118.9,84.04165634,94.1266551,21,4,254268
8807,2642.1,93.84561791,105.1070921,16,2,317052
10279,3083.7,101.3854033,113.5516517,18,1,370044
7751,2325.3,88.03976374,98.60453539,59,8,279036
449,134.7,21.1896201,23.73237451,17,4,16164
6120,1836,78.23042886,87.61808033,39,4,220320
6123,1836.9,78.24960064,87.63955271,53,2,220428
6607,1982.1,81.28345465,91.03746921,25,2,237852
934,280.2,30.56141358,34.22878321,12,6,33624
1805,541.5,42.48529157,47.58352656,34,4,64980
4273,1281.9,65.36818798,73.21237054,48,3,153828
7038,2111.4,83.89278872,93.95992337,7,8,253368
1714,514.2,41.40048309,46.36854106,3,4,61704
9363,2808.9,96.76259608,108.3741076,27,4,337068
2026,607.8,45.01110974,50.41244291,8,2,72936
4513,1353.9,67.17886572,75.24032961,39,8,162468
6704,2011.2,81.87795796,91.70331292,40,4,241344
4491,1347.3,67.01492371,75.05671456,48,4,161676
9810,2943,99.04544412,110.9308974,62,2,353160
5704,1711.2,75.52483035,84.58781,10,2,205344
9947,2984.1,99.73464794,111.7028057,36,1,358092
6556,1966.8,80.96912992,90.68542551,58,2,236016
7965,2389.5,89.24684868,99.95647053,52,4,286740
2711,813.3,52.06726419,58.31533589,26,6,97596
2717,815.1,52.12485012,58.37983213,48,2,97812
5259,1577.7,72.51896304,81.2212386,55,2,189324
4796,1438.8,69.25315877,77.56353783,52,2,172656
7752,2325.6,88.04544281,98.61089595,41,8,279072
8907,2672.1,94.37690395,105.7021324,14,4,320652
8890,2667,94.28679653,105.6012121,48,6,320040
1009,302.7,31.76476035,35.57653159,30,2,36324
3528,1058.4,59.39696962,66.52460597,47,2,127008
5366,1609.8,73.25298629,82.04334464,29,2,193176
5002,1500.6,70.72481884,79.2117971,12,2,180072
9857,2957.1,99.28242543,111.1963165,75,2,354852
9192,2757.6,95.87491851,107.3799087,35,3,330912
5560,1668,74.56540753,83.51325643,73,2,200160
517,155.1,22.737634,25.46615008,11,8,18612
8418,2525.4,91.7496594,102.7596185,39,2,303048
2883,864.9,53.69357503,60.13680404,21,3,103788
3026,907.8,55.00909016,61.61018098,44,3,108936
3572,1071.6,59.76621119,66.93815653,54,2,128592
7243,2172.9,85.10581649,95.31851447,27,2,260748
2098,629.4,45.80392996,51.30040156,12,8,75528
10500,3150,102.4695077,114.7658486,29,2,378000
6268,1880.4,79.17070165,88.67118585,41,2,225648
685,205.5,26.17250466,29.31320522,6,2,24660
3133,939.9,55.97320788,62.68999282,44,2,112788
4718,1415.4,68.68769904,76.93022293,46,2,169848
9683,2904.9,98.40223575,110.210504,9,2,348588
7547,2264.1,86.87347121,97.29828775,36,4,271692
3766,1129.8,61.36774397,68.73187325,25,2,135576
9493,2847.9,97.43202759,109.1238709,71,6,341748
3815,1144.5,61.76568627,69.17756862,29,4,137340
8496,2548.8,92.17374897,103.2345989,45,4,305856
8791,2637.3,93.76033276,105.0115727,26,3,316476
5536,1660.8,74.40430095,83.33281707,47,8,199296
6142,1842.6,78.37091297,87.77542253,4,4,221112
5394,1618.2,73.44385611,82.25711884,13,4,194184
1995,598.5,44.66542287,50.02527361,38,4,71820
6597,1979.1,81.22191822,90.96854841,31,8,237492
3997,1199.1,63.22183167,70.80845147,41,4,143892
4645,1393.5,68.15423685,76.33274527,31,4,167220
2440,732,49.39635614,55.32391888,6,8,87840
8203,2460.9,90.5704146,101.4388643,12,4,295308
2051,615.3,45.2879675,50.7225236,8,1,73836
8252,2475.6,90.84051959,101.7413819,58,3,297072
5200,1560,72.11102551,80.76434857,60,6,187200
6333,1899.9,79.58014828,89.12976607,67,8,227988
5771,1731.3,75.96709814,85.08314992,23,6,207756
7589,2276.7,87.1148667,97.5686507,56,2,273204
9411,2823.3,97.01030873,108.6515458,44,2,338796
9755,2926.5,98.76740353,110.619492,42,1,351180
9619,2885.7,98.07650075,109.8456808,49,1,346284
9816,2944.8,99.07572861,110.964816,69,2,353376
7602,2280.6,87.1894489,97.65218277,73,2,273672
891,267.3,29.84962311,33.43157789,11,4,32076
6406,1921.8,80.03749122,89.64199016,58,8,230616
989,296.7,31.44837039,35.22217483,16,3,35604
10417,3125.1,102.0637056,114.3113503,23,4,375012
1302,390.6,36.08323711,40.41322556,5,6,46872
4107,1232.1,64.08587988,71.77618547,21,2,147852
2237,671.1,47.29693436,52.97256648,39,8,80532
4736,1420.8,68.81860214,77.07683439,62,1,170496
10732,3219.6,103.5953667,116.0268107,36,4,386352
9408,2822.4,96.99484522,108.6342267,39,2,338688
7714,2314.2,87.82938005,98.36890566,29,2,277704
4333,1299.9,65.82552696,73.7245902,33,4,155988
3604,1081.2,60.03332408,67.23732297,36,3,129744
7554,2266.2,86.91375035,97.34340039,36,8,271944
4077,1223.1,63.85138996,71.51355676,15,8,146772
401,120.3,20.02498439,22.42798252,16,2,14436
1323,396.9,36.37306696,40.73783499,36,1,47628
6363,1908.9,79.7684148,89.34062458,73,3,229068
4015,1204.5,63.36402765,70.96771097,10,2,144540
377,113.1,19.41648784,21.74646638,19,4,13572
4780,1434,69.13754407,77.43404936,10,2,172080
3948,1184.4,62.83311229,70.37308576,35,1,142128
1590,477,39.87480407,44.65978056,23,4,57240
3168,950.4,56.28498912,63.03918781,42,1,114048
5396,1618.8,73.45747069,82.27236717,35,1,194256
975,292.5,31.22498999,34.97198879,15,4,35100
1610,483,40.1248053,44.93978193,11,2,57960
9776,2932.8,98.87365675,110.7384956,44,4,351936
7815,2344.5,88.40248865,99.01078729,69,2,281340
4308,1292.4,65.63535633,73.51159908,20,2,155088
4129,1238.7,64.25729531,71.96817074,42,3,148644
10560,3168,102.7618606,115.0932839,93,8,380160
5810,1743,76.223356,85.37015872,16,2,209160
310,93,17.60681686,19.71963489,4,2,11160
3720,1116,60.99180273,68.31081906,57,8,133920
2905,871.5,53.89805191,60.36581814,29,3,104580
6570,1971,81.05553652,90.7822009,65,2,236520
7685,2305.5,87.66413178,98.18382759,20,2,276660
6224,1867.2,78.89233169,88.3594115,3,1,224064
1534,460.2,39.16631206,43.8662695,24,2,55224
3202,960.6,56.5862174,63.37656349,29,6,115272
4931,1479.3,70.22107946,78.64760899,34,4,177516
6327,1898.1,79.5424415,89.08753448,23,3,227772
4241,1272.3,65.12296062,72.9377159,59,1,152676
6132,1839.6,78.3070878,87.70393834,20,4,220752
8890,2667,94.28679653,105.6012121,56,2,320040
4824,1447.2,69.45502142,77.78962399,33,3,173664
2605,781.5,51.03920062,57.1639047,40,2,93780
4628,1388.4,68.02940541,76.19293406,5,2,166608
5903,1770.9,76.83098333,86.05070133,19,3,212508
10330,3099,101.6366076,113.8330005,51,2,371880
1501,450.3,38.74274126,43.39187021,11,1,54036
6025,1807.5,77.62087348,86.9353783,16,8,216900
2044,613.2,45.21061822,50.63589241,27,4,73584
6478,1943.4,80.48602363,90.14434647,29,4,233208
1124,337.2,33.52610923,37.54924234,18,4,40464
2671,801.3,51.68171824,57.88352443,36,2,96156
4168,1250.4,64.56004957,72.30725551,38,2,150048
9309,2792.7,96.48315915,108.0611383,41,2,335124
5811,1743.3,76.22991539,85.37750523,29,4,209196
2430,729,49.29503018,55.2104338,11,6,87480
3860,1158,62.12889827,69.58436606,14,6,138960
6644,1993.2,81.51073549,91.29202375,40,6,239184
2964,889.2,54.44263036,60.975746,15,8,106704
10690,3207,103.3924562,115.7995509,98,4,384840
618,185.4,24.85960579,27.84275848,22,2,22248
7478,2243.4,86.47543004,96.85248164,85,2,269208
3328,998.4,57.68882041,64.61147886,14,6,119808
5198,1559.4,72.09715667,80.74881547,44,6,187128
7474,2242.2,86.45229899,96.82657486,46,8,269064
7734,2320.2,87.94316346,98.49634308,46,6,278424
8372,2511.6,91.49863387,102.4784699,14,6,301392
4646,1393.8,68.16157275,76.34096148,44,3,167256
6158,1847.4,78.47292527,87.8896763,2,8,221688
5476,1642.8,74,82.88,57,4,197136
2304,691.2,48,53.76,33,2,82944
1673,501.9,40.90232267,45.81060139,23,2,60228
4483,1344.9,66.95520891,74.98983398,54,4,161388
6804,2041.2,82.48636251,92.38472601,2,1,244944
7542,2262.6,86.84468896,97.26605163,84,8,271512
3622,1086.6,60.18305409,67.40502058,33,4,130392
4632,1389.6,68.05879811,76.22585388,8,3,166752
6878,2063.4,82.93370847,92.88575348,28,2,247608
8620,2586,92.84395511,103.9852297,67,2,310320
8674,2602.2,93.13431162,104.310429,62,2,312264
1038,311.4,32.21800739,36.08416827,32,3,37368
10709,3212.7,103.4842983,115.9024141,49,3,385524
5643,1692.9,75.11990415,84.13429265,48,2,203148
10043,3012.9,100.2147694,112.2405417,29,3,361548
7859,2357.7,88.65100112,99.28912126,6,2,282924
5708,1712.4,75.55130707,84.61746392,66,3,205488
2553,765.9,50.52722039,56.59048683,48,3,91908
4740,1422,68.84765791,77.10937686,4,4,170640
3532,1059.6,59.43063183,66.56230765,4,4,127152
4460,1338,66.78323143,74.7972192,54,4,160560
10796,3238.8,103.9038017,116.3722579,74,3,388656
10776,3232.8,103.8075142,116.2644159,44,4,387936
6074,1822.2,77.93587107,87.2881756,13,4,218664
1818,545.4,42.63801121,47.75457256,28,2,65448
5948,1784.4,77.12327794,86.37807129,45,6,214128
4591,1377.3,67.75691847,75.88774868,24,4,165276
9788,2936.4,98.93432165,110.8064402,58,6,352368
8645,2593.5,92.97849214,104.1359112,32,4,311220
10041,3012.3,100.2047903,112.2293651,83,1,361476
5032,1509.6,70.9365914,79.44898237,24,6,181152
6898,2069.4,83.05419917,93.02070307,71,4,248328
567,170.1,23.8117618,26.66917322,4,1,20412
3653,1095.9,60.44005295,67.6928593,29,8,131508
5551,1665.3,74.50503339,83.44563739,57,8,199836
3852,1155.6,62.0644826,69.51222051,19,4,138672
3157,947.1,56.18718715,62.92964961,16,2,113652
6213,1863.9,78.8225856,88.28129587,16,1,223668
1601,480.3,40.01249805,44.81399781,39,2,57636
6839,2051.7,82.69824666,92.62203625,67,3,246204
7487,2246.1,86.52745229,96.91074657,30,4,269532
4769,1430.7,69.05794668,77.34490028,54,3,171684
8292,2487.6,91.0604195,101.9876698,23,1,298512
4875,1462.5,69.82120022,78.19974425,23,1,175500
5855,1756.5,76.51797175,85.70012835,34,6,210780
5705,1711.5,75.5314504,84.59522445,6,3,205380
4783,1434.9,69.15923655,77.45834493,21,4,172188
10431,3129.3,102.1322672,114.3881392,18,3,375516
2778,833.4,52.70673581,59.03154411,23,4,100008
8651,2595.3,93.01075207,104.1720423,47,4,311436
5689,1706.7,75.42545989,84.47651508,36,6,204804
775,232.5,27.83882181,31.17948043,13,3,27900
9473,2841.9,97.32933782,109.0088584,56,8,341028
7852,2355.6,88.61151167,99.24489307,55,2,282672
5630,1689,75.03332593,84.03732504,75,2,202680
6750,2025,82.15838363,92.01738966,58,3,243000
10007,3002.1,100.0349939,112.0391931,11,1,360252
6262,1878.6,79.13279977,88.62873575,45,4,225432
9404,2821.2,96.97422338,108.6111302,73,1,338544
10464,3139.2,102.2936948,114.5689382,5,4,376704
5654,1696.2,75.19308479,84.21625496,11,8,203544
2495,748.5,49.94997497,55.94397197,8,8,89820
4773,1431.9,69.0869018,77.37733001,7,4,171828
10078,3023.4,100.3892425,112.4359515,52,2,362808
8830,2649,93.96807969,105.2442492,61,4,317880
9651,2895.3,98.23950326,110.0282436,24,8,347436
5856,1756.8,76.52450588,85.70744658,21,3,210816
2329,698.7,48.25971405,54.05087973,21,4,83844
686,205.8,26.19160171,29.33459391,7,4,24696
7047,2114.1,83.94641148,94.01998086,4,8,253692
10192,3057.6,100.9554357,113.070088,70,2,366912
595,178.5,24.39262184,27.31973646,11,2,21420
6113,1833.9,78.18567644,87.56795761,43,4,220068
5642,1692.6,75.11324783,84.12683757,12,2,203112
8040,2412,89.66604709,100.4259727,53,2,289440
3300,990,57.44562647,64.33910164,33,6,118800
267,80.1,16.34013464,18.30095079,8,8,9612
10086,3025.8,100.4290795,112.480569,79,1,363096
6673,2001.9,81.68843247,91.49104437,5,6,240228
10160,3048,100.7968253,112.8924444,12,8,365760
9083,2724.9,95.30477428,106.7413472,87,2,326988
123,36.9,11.09053651,12.42140089,3,8,4428
9952,2985.6,99.75971131,111.7308767,40,1,358272
7997,2399.1,89.42594702,100.1570607,49,4,287892
2017,605.1,44.91102315,50.30034592,7,2,72612
2637,791.1,51.35172831,57.5139357,15,8,94932
9281,2784.3,96.33794683,107.8985005,27,4,334116
3704,1111.2,60.86049622,68.16375577,14,3,133344
748,224.4,27.34958866,30.6315393,9,4,26928
3055,916.5,55.27205442,61.90470095,40,1,109980
5171,1551.3,71.90966555,80.53882542,30,3,186156
2599,779.7,50.98038839,57.09803499,46,1,93564
10059,3017.7,100.2945662,112.3299141,7,3,362124
84,25.2,9.16515139,10.26496956,9,1,3024
1435,430.5,37.88139385,42.42716111,29,4,51660
6265,1879.5,79.15175298,88.64996334,60,2,225540
4580,1374,67.67569726,75.79678093,18,3,164880
9935,2980.5,99.67447015,111.6354066,93,3,357660
8572,2571.6,92.58509599,103.6953075,1,2,308592
3409,1022.7,58.38664231,65.39303938,1,2,122724
6657,1997.1,81.59044062,91.38129349,22,2,239652
152,45.6,12.32882801,13.80828737,7,6,5472
3607,1082.1,60.058305,67.2653016,44,3,129852
8159,2447.7,90.32718306,101.166445,73,4,293724
1608,482.4,40.09987531,44.91186035,12,6,57888
10567,3170.1,102.7959143,115.131424,65,4,380412
2558,767.4,50.57667447,56.6458754,46,3,92088
857,257.1,29.27456234,32.78750982,16,6,30852
5290,1587,72.73238618,81.46027253,26,4,190440
8620,2586,92.84395511,103.9852297,19,8,310320
10471,3141.3,102.3279043,114.6072528,70,6,376956
7272,2181.6,85.27602242,95.50914511,40,2,261792
9063,2718.9,95.19978992,106.6237647,20,4,326268
4429,1328.7,66.55073253,74.53682043,4,3,159444
10481,3144.3,102.3767552,114.6619658,101,4,377316
4622,1386.6,67.98529253,76.14352763,47,8,166392
7311,2193.3,85.50438585,95.76491215,73,2,263196
319,95.7,17.8605711,20.00383963,13,4,11484
205,61.5,14.31782106,16.03595959,11,4,7380
896,268.8,29.93325909,33.52525019,18,4,32256
9395,2818.5,96.92780819,108.5591452,89,3,338220
4528,1358.4,67.29041537,75.36526521,43,3,163008
2435,730.5,49.34571917,55.26720547,8,6,87660
7794,2338.2,88.28363382,98.87766988,7,2,280584
10617,3185.1,103.0388276,115.4034869,64,2,382212
9107,2732.1,95.43060306,106.8822754,84,2,327852
1798,539.4,42.40283009,47.49116971,19,4,64728
7858,2357.4,88.64536085,99.28280415,45,2,282888
1836,550.8,42.84857057,47.99039904,32,2,66096
10585,3175.5,102.8834292,115.2294407,92,2,381060
8892,2667.6,94.29740187,105.6130901,93,2,320112
420,126,20.49390153,22.95316972,19,2,15120
6149,1844.7,78.41555968,87.82542684,26,8,221364
2669,800.7,51.66236541,57.86184926,41,6,96084
5842,1752.6,76.43297718,85.60493444,76,3,210312
5073,1521.9,71.22499561,79.77199509,48,1,182628
5706,1711.8,75.53806987,84.60263826,55,6,205416
3404,1021.2,58.34380858,65.34506561,50,1,122544
4691,1407.3,68.4908753,76.70978034,66,3,168876
1524,457.2,39.03844259,43.7230557,38,8,54864
5794,1738.2,76.11832894,85.25252841,68,4,208584
8713,2613.9,93.34345183,104.5446661,29,4,313668
3501,1050.3,59.16924877,66.26955862,25,4,126036
8066,2419.8,89.81091248,100.588222,21,2,290376
10322,3096.6,101.5972441,113.7889133,27,4,371592
10476,3142.8,102.3523327,114.6346126,62,4,377136
922,276.6,30.3644529,34.00818725,30,4,33192
5225,1567.5,72.28416147,80.95826085,23,8,188100
1355,406.5,36.81032464,41.2275636,10,3,48780
3692,1107.6,60.76183012,68.05324974,8,2,132912
9151,2745.3,95.66085929,107.1401624,85,1,329436
6488,1946.4,80.54812226,90.21389693,18,4,233568
8745,2623.5,93.51470473,104.7364693,85,1,314820
8526,2557.8,92.33634171,103.4167027,38,4,306936
1343,402.9,36.6469644,41.04460013,33,2,48348
2891,867.3,53.76802024,60.22018266,39,3,104076
3959,1187.7,62.92058487,70.47105505,9,4,142524
5199,1559.7,72.10409142,80.75658239,18,8,187164
1548,464.4,39.34463115,44.06598688,36,1,55728
6871,2061.3,82.89149534,92.83847478,66,1,247356
2221,666.3,47.12748667,52.78278507,13,2,79956
4563,1368.9,67.5499815,75.65597927,15,4,164268
8367,2510.1,91.47130698,102.4478638,40,1,301212
6368,1910.4,79.79974937,89.3757193,65,2,229248
5039,1511.7,70.9859141,79.50422379,6,4,181404
530,159,23.02172887,25.78433633,11,2,19080
5204,1561.2,72.13875519,80.79540581,27,2,187344
5020,1506,70.85195834,79.35419334,63,4,180720
10748,3224.4,103.6725615,116.1132688,8,8,386928
3102,930.6,55.69560126,62.37907341,54,4,111672
612,183.6,24.73863375,27.7072698,14,6,22032
10017,3005.1,100.0849639,112.0951596,42,6,360612
1461,438.3,38.22302971,42.80979327,31,2,52596
10146,3043.8,100.7273548,112.8146373,17,2,365256
5326,1597.8,72.97944916,81.73698306,14,2,191736
6201,1860.3,78.74642849,88.19599991,13,1,223236
8787,2636.1,93.73899935,104.9876793,62,6,316332
9942,2982.6,99.70957828,111.6747277,69,6,357912
5943,1782.9,77.09085549,86.34175815,7,1,213948
6400,1920,80,89.6,29,8,230400
4517,1355.1,67.2086304,75.27366605,40,4,162612
7978,2393.4,89.31965069,100.0380088,56,3,287208
5963,1788.9,77.22046361,86.48691924,60,6,214668
1497,449.1,38.69108424,43.33401435,3,2,53892
807,242.1,28.40774542,31.81667487,5,6,29052
10325,3097.5,101.6120072,113.805448,77,1,371700
1631,489.3,40.38564101,45.23191793,33,3,58716
1762,528.6,41.97618372,47.01332577,6,3,63432
7366,2209.8,85.82540416,96.12445266,21,2,265176
5647,1694.1,75.14652354,84.16410636,52,2,203292
2973,891.9,54.52522352,61.06825034,2,4,107028
2619,785.7,51.17616633,57.31730629,28,8,94284
8191,2457.3,90.50414355,101.3646408,74,1,294876
8827,2648.1,93.95211546,105.2263693,68,6,317772
3069,920.7,55.39855594,62.04638265,43,3,110484
7016,2104.8,83.76156637,93.81295433,6,1,252576
7617,2285.1,87.27542609,97.74847723,12,2,274212
4098,1229.4,64.01562309,71.69749786,34,6,147528
7917,2375.1,88.97752525,99.65482828,33,6,285012
7714,2314.2,87.82938005,98.36890566,12,6,277704
2777,833.1,52.69724851,59.02091833,25,2,99972
10471,3141.3,102.3279043,114.6072528,32,4,376956
10102,3030.6,100.5087061,112.5697508,21,1,363672
10263,3078.9,101.3064657,113.4632416,37,1,369468
9512,2853.6,97.52948272,109.2330206,57,6,342432
6493,1947.9,80.57915363,90.24865207,33,6,233748
8175,2452.5,90.4157066,101.2655914,41,6,294300
6477,1943.1,80.47981113,90.13738847,16,1,233172
10186,3055.8,100.9257153,113.0368011,88,1,366696
324,97.2,18,20.16,1,2,11664
714,214.2,26.72077843,29.92727184,2,2,25704
8897,2669.1,94.32391001,105.6427792,31,8,320292
5582,1674.6,74.71278338,83.67831738,26,6,200952
1897,569.1,43.55456348,48.7811111,1,2,68292
10102,3030.6,100.5087061,112.5697508,47,1,363672
1712,513.6,41.37632173,46.34148034,21,2,61632
6366,1909.8,79.78721702,89.36168306,41,1,229176
4673,1401.9,68.35934464,76.562466,15,2,168228
10057,3017.1,100.284595,112.3187464,93,3,362052
10293,3087.9,101.4544233,113.6289541,10,6,370548
4128,1238.4,64.24951362,71.95945525,43,6,148608
8356,2506.8,91.41115906,102.3804981,71,2,300816
5340,1602,73.07530363,81.84434006,56,3,192240
9738,2921.4,98.68130522,110.5230618,85,3,350568
6973,2091.9,83.5044909,93.5250298,46,4,251028
2012,603.6,44.85532298,50.23796174,44,2,72432
1221,366.3,34.94281042,39.13594767,33,4,43956
6068,1820.4,77.89736838,87.24505258,3,1,218448
7827,2348.1,88.47033401,99.08677409,14,4,281772
6486,1945.8,80.53570637,90.19999113,38,8,233496
7563,2268.9,86.9655104,97.40137165,71,8,272268
3733,1119.9,61.09828148,68.43007526,38,3,134388
4095,1228.5,63.99218702,71.67124947,51,2,147420
4271,1281.3,65.35288823,73.19523482,32,4,153756
2019,605.7,44.93328388,50.32527794,33,8,72684
5627,1688.1,75.01333215,84.01493201,56,6,202572
227,68.1,15.06651917,16.87450147,14,4,8172
8105,2431.5,90.02777349,100.8311063,89,2,291780
3159,947.7,56.20498199,62.94957982,3,4,113724
5751,1725.3,75.83534796,84.93558971,30,6,207036
8124,2437.2,90.13323471,100.9492229,76,1,292464
815,244.5,28.54820485,31.97398943,12,6,29340
8846,2653.8,94.05317645,105.3395576,63,1,318456
9955,2986.5,99.7747463,111.7477159,99,2,358380
9890,2967,99.44847912,111.3822966,9,4,356040
1637,491.1,40.45985665,45.31503945,21,6,58932
4407,1322.1,66.38523932,74.35146804,44,4,158652
7318,2195.4,85.54530963,95.81074679,57,2,263448
5305,1591.5,72.83543094,81.57568265,1,4,190980
10665,3199.5,103.2714869,115.6640653,84,1,383940
9067,2720.1,95.22079605,106.6472916,1,3,326412
1565,469.5,39.56008089,44.3072906,39,2,56340
9021,2706.3,94.97894504,106.3764184,65,4,324756
173,51.9,13.15294644,14.73130001,3,8,6228
2525,757.5,50.24937811,56.27930348,38,1,90900
3115,934.5,55.81218505,62.50964726,25,1,112140
3733,1119.9,61.09828148,68.43007526,8,2,134388
3587,1076.1,59.89156869,67.07855693,42,2,129132
3235,970.5,56.8770604,63.70230765,53,2,116460
5803,1740.9,76.17742448,85.31871541,75,1,208908
1215,364.5,34.85685012,39.03967213,5,3,43740
9109,2732.7,95.4410813,106.8940111,93,3,327924
6658,1997.4,81.59656856,91.38815678,30,2,239688
7729,2318.7,87.91473142,98.46449919,64,1,278244
6709,2012.7,81.90848552,91.73750378,74,3,241524
4302,1290.6,65.58963333,73.46038933,30,1,154872
1947,584.1,44.12482295,49.4198017,9,6,70092
10379,3113.7,101.8773773,114.1026625,40,2,373644
906,271.8,30.09983389,33.71181395,26,4,32616
4960,1488,70.42726745,78.87853954,53,2,178560
1619,485.7,40.23679908,45.06521497,26,2,58284
9353,2805.9,96.71090942,108.3162185,50,2,336708
1175,352.5,34.278273,38.39166576,3,8,42300
177,53.1,13.3041347,14.90063086,3,3,6372
4760,1428,68.99275324,77.27188363,53,4,171360
2918,875.4,54.01851534,60.50073719,42,2,105048
1231,369.3,35.08560959,39.29588274,14,3,44316
9450,2835,97.21111048,108.8764437,23,2,340200
6515,1954.5,80.71554993,90.40141592,69,2,234540
4842,1452.6,69.58448103,77.93461875,58,6,174312
3037,911.1,55.10898293,61.72206089,53,2,109332
6169,1850.7,78.54298186,87.96813969,48,3,222084
7513,2253.9,86.67756342,97.07887103,40,8,270468
8507,2552.1,92.23339959,103.3014075,92,8,306252
6291,1887.3,79.3158244,88.83372333,70,6,226476
4443,1332.9,66.65583245,74.65453235,52,1,159948
10211,3063.3,101.0494928,113.175432,12,3,367596
4623,1386.9,67.99264666,76.15176426,24,3,166428
2337,701.1,48.34252786,54.1436312,41,3,84132
1610,483,40.1248053,44.93978193,11,1,57960
6246,1873.8,79.03163923,88.51543594,26,4,224856
10284,3085.2,101.4100587,113.5792657,49,3,370224
5236,1570.8,72.36021006,81.04343527,70,4,188496
838,251.4,28.94822965,32.42201721,28,2,30168
5980,1794,77.33045972,86.61011488,59,6,215280
386,115.8,19.6468827,22.00450863,5,2,13896
1170,351,34.20526275,38.30989428,19,4,42120
546,163.8,23.36664289,26.17064004,18,4,19656
6679,2003.7,81.72514913,91.53216702,17,4,240444
7852,2355.6,88.61151167,99.24489307,61,6,282672
4799,1439.7,69.27481505,77.58779285,53,8,172764
5476,1642.8,74,82.88,4,4,197136
8990,2697,94.81561053,106.1934838,88,4,323640
904,271.2,30.06659276,33.67458389,27,2,32544
10704,3211.2,103.4601373,115.8753537,66,3,385344
3590,1077,59.91660872,67.10660176,31,4,129240
97,29.1,9.848857802,11.03072074,5,2,3492
6225,1867.5,78.89866919,88.36650949,72,4,224100
8445,2533.5,91.89668112,102.9242828,80,6,304020
3329,998.7,57.69748695,64.62118538,16,2,119844
10218,3065.4,101.0841234,113.2142182,67,2,367848
9163,2748.9,95.72356032,107.2103876,72,2,329868
7850,2355,88.60022573,99.23225282,17,4,282600
3885,1165.5,62.32976817,69.80934035,49,2,139860
8637,2591.1,92.93546148,104.0877169,27,6,310932
9947,2984.1,99.73464794,111.7028057,71,4,358092
6928,2078.4,83.23460819,93.22276117,10,2,249408
2343,702.9,48.40454524,54.21309067,12,2,84348
6997,2099.1,83.6480723,93.68584098,13,4,251892
8078,2423.4,89.87769467,100.663018,67,8,290808
6087,1826.1,78.0192284,87.38153581,15,6,219132
8648,2594.4,92.9946235,104.1539783,35,1,311328
6714,2014.2,81.9390017,91.77168191,42,2,241704
2684,805.2,51.80733539,58.02421563,15,2,96624
616,184.8,24.81934729,27.79766897,18,1,22176
8201,2460.3,90.55937279,101.4264975,58,3,295236
8271,2481.3,90.94503835,101.8584429,42,8,297756
5425,1627.5,73.65459931,82.49315123,6,1,195300
9675,2902.5,98.36157786,110.1649672,58,8,348300
6899,2069.7,83.06021912,93.02744541,52,4,248364
3627,1088.1,60.2245797,67.45152926,18,6,130572
1768,530.4,42.04759208,47.09330313,21,4,63648
5177,1553.1,71.95137247,80.58553716,66,4,186372
1165,349.5,34.13209633,38.22794789,13,4,41940
5382,1614.6,73.36211556,82.16556943,64,2,193752
10064,3019.2,100.3194896,112.3578284,46,8,362304
7606,2281.8,87.21238444,97.67787057,72,3,273816
773,231.9,27.80287755,31.13922285,18,3,27828
4424,1327.2,66.51315659,74.49473538,62,2,159264
5822,1746.6,76.30203143,85.4582752,26,6,209592
6314,1894.2,79.4606821,88.99596395,26,3,227304
1110,333,33.3166625,37.314662,14,1,39960
724,217.2,26.90724809,30.13611787,16,2,26064
8592,2577.6,92.69304181,103.8162068,3,4,309312
2533,759.9,50.32891813,56.3683883,18,2,91188
2730,819,52.24940191,58.51933014,15,2,98280
7611,2283.3,87.24104539,97.70997083,4,4,273996
6228,1868.4,78.91767863,88.38780006,50,2,224208
1947,584.1,44.12482295,49.4198017,27,4,70092
7938,2381.4,89.09545443,99.78690896,20,3,285768
5821,1746.3,76.29547824,85.45093563,28,2,209556
5351,1605.3,73.15052973,81.9285933,42,1,192636
626,187.8,25.01999201,28.02239105,13,1,22536
566,169.8,23.79075451,26.64564505,2,4,20376
3669,1100.7,60.57227088,67.84094339,60,3,132084
7507,2252.1,86.64294547,97.04009893,64,4,270252
7519,2255.7,86.71216754,97.11762765,12,6,270684
3453,1035.9,58.76223277,65.8137007,6,3,124308
7128,2138.4,84.42748368,94.55878172,7,3,256608
9986,2995.8,99.92997548,111.9215725,64,4,359496
7369,2210.7,85.84287973,96.1440253,66,6,265284
7710,2313,87.80660567,98.34339835,49,6,277560
10498,3149.4,102.4597482,114.754918,8,2,377928
169,50.7,13,14.56,8,4,6084
7977,2393.1,89.31405265,100.031739,22,4,287172
3860,1158,62.12889827,69.58436606,56,8,138960
6930,2079,83.24662155,93.23621614,51,3,249480
21,6.3,4.582575695,5.132484778,3,3,756
1120,336,33.46640106,37.48236919,18,2,40320
8530,2559,92.35799911,103.440959,34,6,307080
2251,675.3,47.44470466,53.13806922,41,2,81036
3720,1116,60.99180273,68.31081906,16,4,133920
8703,2610.9,93.28987083,104.4846553,74,4,313308
5177,1553.1,71.95137247,80.58553716,63,1,186372
6160,1848,78.48566748,87.90394758,50,1,221760
4202,1260.6,64.82283548,72.60157574,31,3,151272
4218,1265.4,64.94613152,72.73966731,11,2,151848
2817,845.1,53.07541804,59.4444682,17,2,101412
4694,1408.2,68.51277253,76.73430524,36,4,168984
5603,1680.9,74.85318964,83.8355724,46,1,201708
6134,1840.2,78.319857,87.71823984,18,4,220824
9447,2834.1,97.19567892,108.8591604,38,2,340092
1011,303.3,31.79622619,35.61177333,11,2,36396
4720,1416,68.70225615,76.94652689,27,8,169920
2632,789.6,51.30302135,57.45938392,1,4,94752
105,31.5,10.24695077,11.47658486,2,4,3780
3408,1022.4,58.37807808,65.38344745,26,8,122688
10413,3123.9,102.0441081,114.2894011,91,4,374868
8927,2678.1,94.48280267,105.820739,10,8,321372
5500,1650,74.16198487,83.06142306,52,8,198000
1937,581.1,44.01136217,49.29272563,26,8,69732
575,172.5,23.97915762,26.85665653,12,4,20700
10136,3040.8,100.6777036,112.759028,48,2,364896
927,278.1,30.4466747,34.10027566,17,3,33372
8492,2547.6,92.15204827,103.2102941,29,2,305712
5224,1567.2,72.277244,80.95051328,50,8,188064
3423,1026.9,58.50640991,65.52717909,37,6,123228
6508,1952.4,80.67217612,90.35283725,27,4,234288
4061,1218.3,63.72597587,71.37309297,53,1,146196
6379,1913.7,79.86864216,89.45287922,73,2,229644
1599,479.7,39.98749805,44.78599781,21,4,57564
4267,1280.1,65.32227798,73.16095133,54,4,153612
7600,2280,87.17797887,97.63933634,71,6,273600
3891,1167.3,62.3778807,69.86322638,18,8,140076
2493,747.9,49.92995093,55.92154504,41,8,89748
8386,2515.8,91.57510579,102.5641185,2,8,301896
2474,742.2,49.73932046,55.70803892,31,4,89064
8511,2553.3,92.25508116,103.3256909,44,3,306396
1075,322.5,32.78719262,36.72165574,31,6,38700
1191,357.3,34.51086785,38.652172,4,3,42876
7710,2313,87.80660567,98.34339835,74,2,277560
6087,1826.1,78.0192284,87.38153581,9,2,219132
9392,2817.6,96.91233152,108.5418113,3,6,338112
9597,2879.1,97.9642792,109.7199927,60,6,345492
9914,2974.2,99.5690715,111.5173601,91,4,356904
2266,679.8,47.60252094,53.31482345,40,4,81576
133,39.9,11.53256259,12.91647011,1,2,4788
2338,701.4,48.35286961,54.15521397,18,2,84168
4004,1201.2,63.27716808,70.87042825,41,2,144144
7598,2279.4,87.16650733,97.62648821,4,4,273528
7474,2242.2,86.45229899,96.82657486,71,2,269064
3161,948.3,56.22277119,62.96950373,17,4,113796
3110,933,55.76737397,62.45945885,32,4,111960
1945,583.5,44.10215414,49.39441264,34,2,70020
6441,1932.3,80.25584091,89.88654182,33,4,231876
5531,1659.3,74.37069315,83.29517633,39,4,199116
7348,2204.4,85.72047597,96.00693308,39,2,264528
9465,2839.5,97.28823156,108.9628193,72,8,340740
5979,1793.7,77.32399369,86.60287293,23,8,215244
9390,2817,96.90201236,108.5302538,86,3,338040
4351,1305.3,65.96211034,73.87756358,35,3,156636
8115,2434.5,90.08329479,100.8932902,9,1,292140
8679,2603.7,93.1611507,104.3404888,47,2,312444
1911,573.3,43.71498599,48.96078431,40,4,68796
8248,2474.4,90.81850032,101.7167204,29,6,296928
7997,2399.1,89.42594702,100.1570607,15,6,287892
8011,2403.3,89.50418985,100.2446926,5,8,288396
10575,3172.5,102.834819,115.1749973,35,3,380700
4249,1274.7,65.18435395,73.00647643,42,2,152964
7818,2345.4,88.41945487,99.02978946,48,2,281448
2526,757.8,50.25932749,56.29044679,19,2,90936
5413,1623.9,73.57309291,82.40186406,51,3,194868
1093,327.9,33.06055051,37.02781657,1,4,39348
5089,1526.7,71.33722731,79.89769459,64,1,183204
2435,730.5,49.34571917,55.26720547,16,6,87660
1532,459.6,39.14077158,43.83766417,27,8,55152
7841,2352.3,88.54942123,99.17535178,56,8,282276
211,63.3,14.52583905,16.26893973,2,4,7596
5495,1648.5,74.12826721,83.02365928,20,8,197820